Date,Daily_Spread,Daily_Spread_VolScaled,Cumulative_Value
2018-08-20,0.02728863052123551,,
2018-08-21,0.026838032428899556,,
2018-08-22,0.01762154469803465,,
2018-08-23,0.014291214792888994,,
2018-08-24,-0.007600487822854269,,
2018-08-27,-0.029071101188408388,,
2018-08-28,-0.019334549310046967,,
2018-08-29,-0.016174160508960447,,
2018-08-30,0.008387544409149591,,
2018-08-31,0.019256969847051494,,
2018-09-04,0.0063689452923236505,,
2018-09-05,-0.004523673331350125,,
2018-09-06,-0.013038644583949342,,
2018-09-07,-0.019867110623157515,,
2018-09-10,-0.007865813390566065,,
2018-09-11,0.010177927976300195,,
2018-09-12,0.019450416211157718,,
2018-09-13,0.014967860005541952,,
2018-09-14,0.012545479186380746,,
2018-09-17,0.014677291846650514,,
2018-09-18,0.03128310727590583,,
2018-09-19,0.02560388716843575,,
2018-09-20,0.008148082744720897,,
2018-09-21,0.0011638075787599022,,
2018-09-24,-0.005294320940538012,,
2018-09-25,-0.003937662427985064,,
2018-09-26,-0.007499663535392113,,
2018-09-27,-0.008991748352757303,,
2018-09-28,-0.002835981321505939,,
2018-10-01,0.010387548091415105,,
2018-10-02,0.012076765669443039,,
2018-10-03,0.014515760762757663,,
2018-10-04,0.03569554830376513,,
2018-10-05,0.05110573263281482,,
2018-10-08,0.04181112761143362,,
2018-10-09,0.02250141092417829,,
2018-10-10,0.005883959665524442,,
2018-10-11,-0.016501024318425594,,
2018-10-12,0.008407627092795153,,
2018-10-15,-0.007019391464834069,,
2018-10-16,0.04651001442233544,,
2018-10-17,0.05831135175950186,,
2018-10-18,0.032301924831821954,,
2018-10-19,0.04221666095247404,,
2018-10-22,0.05201071500315175,,
2018-10-23,0.011840737649961419,,
2018-10-24,-0.017454818976672518,,
2018-10-25,0.003363112759265097,,
2018-10-26,-0.004050498077032116,,
2018-10-29,-0.026595231467699168,,
2018-10-30,0.0017059375786885132,,
2018-10-31,-0.006597823426842503,,
2018-11-01,-0.015344935705903166,,
2018-11-02,0.016816780973544474,,
2018-11-05,0.03818191928956197,,
2018-11-06,0.07429027233826324,,
2018-11-07,0.10124629485787676,,
2018-11-08,0.05022175697459337,,
2018-11-09,0.05610202054948297,,
2018-11-12,0.03895152472407987,,
2018-11-13,0.05354045846832846,,
2018-11-14,0.006226336165580061,,
2018-11-15,0.07306996365212404,0.02563650881023525,1.0256365088102353
2018-11-16,0.04179550477862465,0.014575277037497404,1.040585445065916
2018-11-19,0.04321943508892169,0.0149690426189768,1.0561620129417946
2018-11-20,-0.014866169572142367,-0.005097565987765834,1.0507781573870523
2018-11-21,0.005990545824451238,0.0020522282150962205,1.052934593969449
2018-11-23,-0.03392076108529302,-0.011394395081532234,1.0409370412107484
2018-11-26,-0.011973818824457937,-0.004073005656209099,1.0366972987541394
2018-11-27,0.02450232899280447,0.008435631377626696,1.0454424950166106
2018-11-28,0.004018937027946586,0.0013970791543721614,1.0469030609334933
2018-11-29,0.035940442739781836,0.012451055368967118,1.0599381089111175
2018-11-30,0.0326014974777432,0.011264534411811569,1.0718778182133373
2018-12-03,0.050854796797052265,0.017382744553854072,1.0905099965202822
2018-12-04,0.010037217179444016,0.0034467031979110883,1.0942686608126426
2018-12-06,-0.007159462402258485,-0.002467159999305467,1.091568924944192
2018-12-07,-0.01677152365834222,-0.005793454074291617,1.0852449705086038
2018-12-10,-0.02519299155003184,-0.008592957960502946,1.075919506100176
2018-12-11,0.014655140502736322,0.0050011497215027454,1.0813003406384685
2018-12-12,0.036793734916234735,0.012509481497238323,1.094826847242643
2018-12-13,0.05678636267647669,0.019018128077876163,1.1156484044466008
2018-12-14,0.05906640942911512,0.019476796755980692,1.1373776616711415
2018-12-17,0.07940484510360762,0.025325492653781104,1.1661823112863687
2018-12-18,0.018934327788842884,0.006045452552290094,1.1732324111165706
2018-12-19,0.0331343928410704,0.010566082783035141,1.1856288818961682
2018-12-20,0.035575306329214226,0.011337272961556514,1.1990706801613302
2018-12-21,-0.011423307150889163,-0.0036188828346840154,1.1947313838593214
2018-12-24,-0.05562503240799726,-0.01685945699274791,1.1745888614752589
2018-12-26,0.0205976006479273,0.006272873525650052,1.1819569088479305
2018-12-27,-0.020616714792974996,-0.006232074423380116,1.1745908654267618
2018-12-28,-0.008255725522574937,-0.002496430880627787,1.1716585805182071
2018-12-31,-0.04557151809156864,-0.013372285439056514,1.1559908275423978
2019-01-02,-0.05781621463622929,-0.01624836067274112,1.1372078716421083
2019-01-03,-0.07950527106286226,-0.020982941213814898,1.1133459057235544
2019-01-04,-0.04957027373957546,-0.012739716719134013,1.0991621942742287
2019-01-07,-0.07377687717718269,-0.018172029344402943,1.079188186625619
2019-01-08,-0.0596361630448799,-0.014387763478714012,1.0636610822474273
2019-01-09,-0.038264730187766334,-0.009155863597726785,1.0539223464641594
2019-01-10,-0.03673582489490224,-0.00869641939348284,1.0447569957311436
2019-01-11,-0.03928728927818595,-0.009190054965184208,1.0351556215151136
2019-01-14,-0.026589583499937668,-0.006200784887512765,1.0287368441809988
2019-01-15,0.016494574760624017,0.003845619603260536,1.0326929747555775
2019-01-16,0.00960671459540468,0.002242744951176254,1.0350090417108258
2019-01-17,0.015507127298671389,0.0036444092263996633,1.0387810382118436
2019-01-18,0.029073926086857767,0.006903301069896194,1.0459520564643194
2019-01-22,0.002522031625565139,0.0006004736798612062,1.046580123144623
2019-01-23,0.019386076694099946,0.0046404784834394785,1.051436755687271
2019-01-24,0.020647304563370224,0.00498920974815656,1.056682594198316
2019-01-25,-0.008569011217861355,-0.0020681641194383532,1.05449720117136
2019-01-28,0.015559233127797046,0.0037660105254083255,1.058468448729985
2019-01-29,0.013096934064767628,0.003169815074555231,1.0618235979747102
2019-01-30,-0.013883906180321398,-0.003354513019293851,1.0582616968911105
2019-01-31,0.0063845586702732035,0.0015522601985919742,1.059904394402889
2019-02-01,0.0196089690222049,0.004765206786661611,1.06495505801631
2019-02-04,0.020671185321057405,0.005025515090814607,1.0703070057314104
2019-02-05,-0.006265648770957644,-0.0015261907826746124,1.068673513044631
2019-02-06,-0.0013745822487521888,-0.0003347550124189949,1.0683157692295
2019-02-07,-0.012390101070627234,-0.003025101208406142,1.0650840059050446
2019-02-08,-0.022021766489374966,-0.005486522610851788,1.05924039842419
2019-02-11,-0.027380475537652868,-0.007156502009644225,1.051659942384171
2019-02-12,-0.02121047588176746,-0.005597623139860995,1.0457731463554165
2019-02-13,-0.030501512163569326,-0.008142376866062432,1.037258067281383
2019-02-14,-0.0364328277165763,-0.009727079627482586,1.0271685754666882
2019-02-15,-0.03297003338825124,-0.008906880896762682,1.0180197073041088
2019-02-19,-0.02698458664150747,-0.007260524491485453,1.0106283502864126
2019-02-20,-0.03563603474317752,-0.00988745521931175,1.0006358077295887
2019-02-21,-0.03361424256904219,-0.009403689420250015,0.9912261393709186
2019-02-22,-0.033961104187719006,-0.009601251207566894,0.9817091282033117
2019-02-25,-0.012341066479982177,-0.0034900121165374253,0.9782829514509668
2019-02-26,-0.01124966067094245,-0.0031837426916956056,0.9751683502538743
2019-02-27,0.016748728053529914,0.004751272180120876,0.9798016405073698
2019-02-28,0.025103571962467548,0.007078658026930243,0.9867373212547467
2019-03-01,0.01848180070108326,0.005223179146199728,0.9918912270539013
2019-03-04,0.007314889957283953,0.002066283119425785,0.9939407551526693
2019-03-05,0.0025382907974332487,0.0007254089534526699,0.9946617686756587
2019-03-06,-0.012506311456744315,-0.0036112113339578896,0.9910698348231626
2019-03-07,-0.017183486141556806,-0.005083190606919328,0.9860320379479884
2019-03-08,-0.02682930905431407,-0.007930297572749082,0.9782125104707966
2019-03-11,-0.013470217593165459,-0.003980406584204609,0.9743188269533674
2019-03-12,-0.017822621416252946,-0.005265666974776341,0.9691883884833762
2019-03-13,-0.002908374451759711,-0.0008613314785603292,0.9683535960157202
2019-03-14,-0.0124919555153487,-0.003712976969438395,0.964758121415441
2019-03-15,0.009545046124692664,0.0028759822760688995,0.9675327486733254
2019-03-18,0.009801560450340752,0.003052791620578912,0.970486424541111
2019-03-19,0.002512159867890514,0.0008153719400872724,0.9712777319399174
2019-03-20,0.006709376966110185,0.0023582269920551014,0.9735682253041601
2019-03-21,0.016695763506018518,0.005876661601756798,0.9792895563104955
2019-03-22,-0.01710598554030173,-0.006155382190923411,0.9732616548158246
2019-03-25,-0.03664813104295648,-0.013454084942764158,0.9601673098403973
2019-03-26,-0.027057390978936374,-0.009909110631240071,0.9506529057426887
2019-03-27,-0.041983447779966265,-0.015561359443385665,0.9358594541705276
2019-03-28,-0.05093065490782427,-0.018816325846865038,0.9182500177339857
2019-03-29,-0.04311407029571678,-0.015773568366512374,0.9037659383017076
2019-04-01,-0.02826577034984805,-0.010322007175853165,0.8944372598012656
2019-04-02,-0.010194562490374972,-0.003766715274176055,0.89106816931298
2019-04-03,-0.004299148703995772,-0.0016264149269999354,0.889618922741435
2019-04-04,-0.015360220879205612,-0.006178253102251936,0.8841226318721856
2019-04-05,-0.004951081739254789,-0.0020328907379892768,0.8823253071626059
2019-04-08,-0.011108535739064158,-0.004862910929913329,0.8780346377826658
2019-04-09,-0.0129651265545471,-0.005932688940022499,0.8728255313981359
2019-04-10,-0.006991974621940615,-0.003250525549262337,0.8699883897082779
2019-04-11,-0.007977696923489392,-0.0037658092486196294,0.8667121793841228
2019-04-12,0.0003907403698102691,0.00018778053560401822,0.8668749310613821
2019-04-15,-0.025722054025917623,-0.01236949122148729,0.856152129211491
2019-04-16,0.005210418828134474,0.0025284395056606695,0.8583168580778447
2019-04-17,-0.0026643541171274335,-0.0013009913901954324,0.8572001952354259
2019-04-18,0.0022379380277753845,0.0011038395117471931,0.8581464066804041
2019-04-22,-0.006984225336813126,-0.0035596507097028942,0.8550917052148352
2019-04-23,-0.012716909169817178,-0.006501356514923619,0.8495324491862796
2019-04-24,-0.0030525855484561473,-0.0015909596078822637,0.8481808773740389
2019-04-25,0.0008908076154634701,0.00047392034983827447,0.8485828475521702
2019-04-26,0.007837895061108869,0.004136426855822848,0.8520929484321755
2019-04-29,0.009253991497013767,0.004918790029858722,0.8562842147314366
2019-04-30,0.0293657196487725,0.015220599136063271,0.8693173735104024
2019-05-01,0.015758585023900738,0.00804775745644144,0.8763134288850849
2019-05-02,0.007240833238018442,0.003695426561780356,0.8795517808066317
2019-05-03,0.006775314414194331,0.003505934263858981,0.8826354315317999
2019-05-06,0.024926047622475883,0.012813434948075797,0.8939450232165994
2019-05-07,0.0054882262301642094,0.0028072522692349578,0.8964545524115956
2019-05-08,0.010800158141653467,0.005480880345207772,0.9013679125482803
2019-05-09,-0.0031236844705876546,-0.0015843985244944705,0.8999397865576122
2019-05-10,0.014206716553044008,0.007149830586888097,0.9063742035698993
2019-05-13,-0.008381964931729775,-0.0042545481099422475,0.9025179909152005
2019-05-14,-0.0043737876298346485,-0.0022286854353104893,0.900506562213742
2019-05-15,0.010250020978717146,0.0052503007431269,0.9052344924865234
2019-05-16,0.039213741364736016,0.019542068732092487,0.9229246471573559
2019-05-17,0.02549924307516965,0.012651725548686536,0.934601236495309
2019-05-20,0.03893547194977306,0.018754538555818028,0.9521292514194756
2019-05-21,0.04746591529850597,0.022166894772122532,0.9732350003451509
2019-05-22,0.04547489607346589,0.020733317612532724,0.9934133907189404
2019-05-23,0.050458412195559764,0.022381749921299463,1.015647720798482
2019-05-24,0.0510107218236978,0.021724543814768134,1.037712204209338
2019-05-28,0.02303192644473615,0.009758504583834187,1.0478387235108155
2019-05-29,0.028868814692673637,0.012131100774891978,1.0605501606615593
2019-05-30,0.006382219449780246,0.002704846000599249,1.0634187855220596
2019-05-31,-0.025002963177322965,-0.010531816551366919,1.052219053955664
2019-06-03,-0.028564339141225678,-0.01188123758778757,1.0397173893812197
2019-06-04,-0.007249624403974273,-0.003013181251752735,1.036584532436415
2019-06-05,-0.0002915143388378654,-0.00012146568625606753,1.03645862298482
2019-06-06,0.0008130346796159553,0.000340416495733015,1.0368114505972288
2019-06-07,0.009751847226528903,0.004128014954818893,1.0410914237706215
2019-06-10,0.019984483201000956,0.008442235449054945,1.049880562694085
2019-06-11,0.0015431599246467174,0.000655966876736901,1.0505692495677423
2019-06-12,-0.018251015002283474,-0.007710443334311127,1.0424688949001806
2019-06-13,-0.0017408778823645114,-0.0007377401472798562,1.0416998237441222
2019-06-14,-0.04000575433462896,-0.016515898949948513,1.024495214718985
2019-06-17,-0.04195813112419715,-0.016877469763772236,1.007204327709436
2019-06-18,-0.010107967741601043,-0.004059972086181183,1.0031151062538548
2019-06-19,-0.021391784409793276,-0.008542215607304005,0.9945462807372907
2019-06-20,-0.0255834136245289,-0.010170116096170216,0.9844316295991781
2019-06-21,-0.023058876857628068,-0.009137133188814619,0.9754367466842486
2019-06-24,-0.0087233558249701,-0.003517779171876959,0.9720053756132793
2019-06-25,0.008199179113529223,0.003337634220641409,0.9752495740175736
2019-06-26,0.008051965347116292,0.0033655927543596842,0.9785318669175795
2019-06-27,-0.009304181954585121,-0.004058267551863628,0.9745607227936034
2019-06-28,-0.006642331173328653,-0.002998408882427636,0.971638591265914
2019-07-01,-0.019879232337885265,-0.009046620777517287,0.9628485453979302
2019-07-02,-0.044647852169359376,-0.019595178893882046,0.9439813559031436
2019-07-03,-0.025000268932644655,-0.01084826678579822,0.9337407943134868
2019-07-05,-0.021212411224063664,-0.009169320383076045,0.9251790258156785
2019-07-08,-0.019812354147428397,-0.008507530822151662,0.9173080367375434
2019-07-09,-0.014139740205030171,-0.006063477809009446,0.9117459598127593
2019-07-10,0.0007545864522402381,0.00032461898917345597,0.9120419298646167
2019-07-11,0.01002813114875768,0.004313049855891902,0.9159756121787866
2019-07-12,0.000509006060177367,0.00021923509733977458,0.9161764261812836
2019-07-15,0.027211273040505767,0.011593714054720016,0.9267983136901047
2019-07-16,0.013511571241870496,0.005818671806101702,0.9321910489079159
2019-07-17,-0.007221918300232872,-0.0031057595393370768,0.9292958876652855
2019-07-18,-0.011266542727075697,-0.004832472930551709,0.92480509044367
2019-07-19,-0.008370203523260386,-0.003583758117979687,0.9214908126932435
2019-07-22,-0.028745812992234464,-0.01213729741063628,0.9103064046384167
2019-07-23,-0.008690258865790553,-0.00367514884100391,0.9069608931104514
2019-07-24,-0.00368269002985413,-0.0015572670956784573,0.9055485127545433
2019-07-25,0.03408619621902659,0.014178677483705526,0.9183879930627392
2019-07-26,0.03554424272630169,0.014543983284318463,0.9317450126823624
2019-07-29,0.05396000941202976,0.021270723913347875,0.9515639036047677
2019-07-30,0.06180331512280846,0.023480785988257934,0.9739073719794626
2019-07-31,0.07410396549672875,0.026559800260151395,0.9997741572511262
2019-08-01,0.023622104185147978,0.008432715926969994,1.0082049687103507
2019-08-02,0.022292822014027602,0.00793160079467905,1.0162016480413731
2019-08-05,0.00915531337295064,0.003271461752718291,1.0195261128659898
2019-08-06,-0.013466962468109672,-0.004793631546154076,1.0146388803292277
2019-08-07,0.014369810636862566,0.005111728054479121,1.0198254383589718
2019-08-08,0.04190151864224403,0.014691336150235783,1.034808036688465
2019-08-09,0.026916136640416546,0.009397573198020875,1.0445327209591453
2019-08-12,-0.011196350041343044,-0.003905386844841414,1.040453416611705
2019-08-13,0.02475842364071388,0.008612147088345982,1.0494139544741372
2019-08-14,-0.026881245700570384,-0.00924521469933896,1.0397118971565416
2019-08-15,-0.03627465259138892,-0.01240719087332936,1.026811993195249
2019-08-16,0.017683426269910534,0.006065745543712047,1.0330403734672033
2019-08-19,0.03267024375385054,0.011254060051714657,1.0446662718660489
2019-08-20,0.03466041068121843,0.012063023190384456,1.0572681053297814
2019-08-21,-0.028605876777141145,-0.010039796985458743,1.0466533481930698
2019-08-22,-0.01396733015564378,-0.005018935932589656,1.0414002620948584
2019-08-23,0.008851598013716318,0.0032740234930672386,1.0448098310186433
2019-08-26,-0.02834834905494744,-0.010442230968884475,1.0338996854445854
2019-08-27,0.01802163969716598,0.006679908183592156,1.0408060404144002
2019-08-28,0.002287369736819235,0.0008482113991945668,1.0416888639622301
2019-08-29,-0.01703070647254234,-0.006341878834533168,1.0350825994036992
2019-08-30,-0.004214954978820934,-0.0015857712860771077,1.0334411951388467
2019-09-03,0.004133675777019313,0.0015561551922773605,1.0350493900205753
2019-09-04,0.014748555663667874,0.0055384713207091195,1.0407819813827217
2019-09-05,0.016571895000909723,0.006204108147670261,1.0472391053533667
2019-09-06,-0.011818662758470093,-0.004419768086882113,1.042610551376191
2019-09-09,0.007284211235315731,0.0027354133918419733,1.045462522240901
2019-09-10,-0.0059241619622807905,-0.00222352278278952,1.0431379125041458
2019-09-11,-0.0033528724655396396,-0.0012639145092575887,1.0418194753613752
2019-09-12,0.019279926732395203,0.007237137056891101,1.049359265693104
2019-09-13,0.0316979084642781,0.01202598429374813,1.0619788437408284
2019-09-16,0.010403539111477397,0.004049711707885319,1.066279551897852
2019-09-17,0.03910201751182495,0.014998709097264104,1.082272368713129
2019-09-18,0.023364322846207174,0.008996092495359584,1.0920085910472443
2019-09-19,0.017050651235694502,0.006634556910623107,1.0992535841914368
2019-09-20,0.006886595901504243,0.002709799997471783,1.1022323415510995
2019-09-23,-0.03129617747586831,-0.012121115843092462,1.0888720556531555
2019-09-24,-0.025004193385970278,-0.009569116813603139,1.0784525117575423
2019-09-25,0.015209791012819374,0.005813321928766629,1.0847219033932758
2019-09-26,-0.01238178080142267,-0.004726402154887295,1.0795950714516245
2019-09-27,-0.0033617184162602134,-0.001284338644623121,1.0782085057808146
2019-09-30,0.007809813221014004,0.003008322799536409,1.081452105011409
2019-10-01,-0.021193512365381313,-0.00836845839298223,1.0724020180666178
2019-10-02,-0.0021777445799324325,-0.0008708776271591043,1.0714680871417634
2019-10-03,0.007171439804711037,0.002899693491162192,1.0745750161800365
2019-10-04,0.006770980384207999,0.0027667162664002706,1.077548060356769
2019-10-07,-0.007944086428706913,-0.003257060204205072,1.0740384214512628
2019-10-08,-0.02406729382960304,-0.009732737114883743,1.063585087843993
2019-10-09,-0.011800829560921251,-0.004749718333608788,1.0585333582529075
2019-10-10,-0.01282395616754241,-0.00513681302438724,1.0530958703114857
2019-10-11,-0.012915757354524791,-0.005181875202607872,1.04763885893515
2019-10-14,-0.006221412616953017,-0.0024937016715164905,1.0450263601614778
2019-10-15,0.008106071082352586,0.0032561122658506295,1.0484290833109366
2019-10-16,-0.020107699897492996,-0.008033660951428238,1.040006359524
2019-10-17,-0.02304258851466969,-0.009126147363862094,1.03051510822763
2019-10-18,-0.03032090476782032,-0.011990299717780312,1.01815892321628
2019-10-21,-0.037180358045507664,-0.014385684333168504,1.0035120103458919
2019-10-22,-0.0369111444522339,-0.01397630172509114,0.9894866237045449
2019-10-23,-0.029706535011685534,-0.011224011458647942,0.9783806145019062
2019-10-24,-0.006669466097213039,-0.0025528667769252294,0.9758829391359566
2019-10-25,-0.018902636236763724,-0.00746615337930686,0.9685968474321187
2019-10-28,-0.029394510492291928,-0.012111170286290164,0.9568660060741045
2019-10-29,-0.026611109211103552,-0.011916023509827057,0.9454639682499713
2019-10-30,-0.015493963660073912,-0.007000240047103842,0.9388454935163341
2019-10-31,-0.004370683173831842,-0.0019977527761041295,0.9369699123253289
2019-11-01,0.02113042516361065,0.009580800172001951,0.945946833822496
2019-11-04,0.04810040515296445,0.020894831201964243,0.9657122332412497
2019-11-05,0.05539348656244991,0.022926893428519068,0.987853014695389
2019-11-06,0.040283003560727226,0.016708152814228945,1.0043582138229163
2019-11-07,0.026433019049891173,0.010968184816574621,1.0153742003341708
2019-11-08,0.011007229939833831,0.004564637488179107,1.0200090154735462
2019-11-11,0.003951489825295007,0.0016551167521658384,1.0216972494824166
2019-11-12,-0.005277510501061282,-0.0022338029206765563,1.0194149791824756
2019-11-13,0.0012570170084509336,0.0005434182241484916,1.0199689478601333
2019-11-14,-0.008308305740369419,-0.0036078330995457067,1.0162890701295346
2019-11-15,-0.004558707190187926,-0.00201819953563398,1.0142379960001293
2019-11-18,0.009190181354814897,0.004156923872007062,1.018454106137599
2019-11-19,0.006006262762534499,0.002752166626818896,1.0212570615394574
2019-11-20,0.024916178531272717,0.011313999963609258,1.0328115638965505
2019-11-21,0.005885158059171785,0.002674656087064,1.0355739796327166
2019-11-22,0.0027747382563886877,0.001279867892080748,1.0368993775191226
2019-11-25,-0.025259244580686284,-0.01158748549829082,1.0248843210189331
2019-11-26,-0.006783830960225336,-0.003110402288517908,1.0216965184813698
2019-11-27,-0.00959440244046864,-0.004414755043902044,1.017185978623067
2019-11-29,-0.0001642882582975104,-7.561339172203821e-05,1.0171090657412112
2019-12-02,0.019003387839045614,0.008686820916990428,1.0259445100483524
2019-12-03,0.023145457701499568,0.010516226433273695,1.036733574823995
2019-12-04,0.010366826416116012,0.0047252860259417205,1.0416324374977353
2019-12-05,-0.010746770926291598,-0.004900625712618466,1.0365277867914364
2019-12-06,-0.005930630715263318,-0.002705917529246977,1.0337230280836058
2019-12-09,-0.023843524609332572,-0.0107762473158674,1.0225833730768696
2019-12-10,-0.017270009636604064,-0.007767991752591466,1.0146399538684714
2019-12-11,-0.01771527325986488,-0.007991237293948076,1.0065317252291879
2019-12-12,0.006130510246709972,0.002820993860472122,1.00937114504643
2019-12-13,-0.0026790788438539495,-0.001236517259330246,1.00812304020451
2019-12-16,0.0002172116103194531,0.00010376171162619215,1.0082276447766914
2019-12-17,-0.008725202538121474,-0.004226793212639141,1.003966075010954
2019-12-18,-0.008904043028871739,-0.00435021829848506,0.9995986034203832
2019-12-19,-0.006249307884274712,-0.0030605081150658544,0.9965393237828066
2019-12-20,-0.009327472331859994,-0.004641433029694224,0.991913953250012
2019-12-23,-0.005838950244141907,-0.0029356873602433852,0.9890020039950068
2019-12-24,0.004683219008693999,0.0023698947336498735,0.9913458346358438
2019-12-26,0.010967192985491786,0.005534219791596057,0.9968321603742017
2019-12-27,0.003015074718293002,0.0015201557622025138,0.9983475005267433
2019-12-30,-0.002403122488070472,-0.0012149399395551383,0.9971345682747983
2019-12-31,0.008271026093377529,0.004201591972949716,1.0013241208728123
2020-01-02,0.0068330708847080725,0.003463877241220936,1.0047925847061892
2020-01-03,0.0005236564047148336,0.00026598940773709577,1.0050598488906937
2020-01-06,0.0037412611912679868,0.0019025037180862045,1.0069719789901073
2020-01-07,-0.012350855381870807,-0.006271140955338736,1.0006571157717838
2020-01-08,-0.006100261044774367,-0.003130091122218573,0.9975249678173217
2020-01-09,0.012788684546252533,0.0065403980253237876,1.0040491781470453
2020-01-10,0.026006107622595215,0.013099267814349645,1.017201487230371
2020-01-13,0.024003697022945934,0.01195446836231635,1.0293615902275675
2020-01-14,0.04235603806217921,0.02028838669809874,1.0502456762222743
2020-01-15,0.03333749693265502,0.015633942500278004,1.066665156735499
2020-01-16,0.03635308265794636,0.016770665506070277,1.08455384128609
2020-01-17,0.011752275895766627,0.005473548909466152,1.0904901997813188
2020-01-21,0.03524634691455692,0.016404973481192298,1.1083796625902314
2020-01-22,0.037199184285908085,0.01748304872099298,1.127757518232654
2020-01-23,0.028718334943751235,0.01380897777849382,1.143330696741458
2020-01-24,0.01586457100050765,0.0078124059718339585,1.152262860304462
2020-01-27,0.03491734093014275,0.016945931855358157,1.1717890282146415
2020-01-28,0.04206493397634012,0.0201670430547143,1.195420547997688
2020-01-29,0.009447533442221536,0.004663569221042231,1.2009954744715314
2020-01-30,0.012517945142984106,0.006348482842952013,1.208619973635677
2020-01-31,-0.007288204315781485,-0.0037247196217022795,1.2041182031046949
2020-02-03,0.007829460419341789,0.004017639256472932,1.208955915666922
2020-02-04,0.006864011783106513,0.0035348374378270262,1.213229378298304
2020-02-05,0.013688663092890435,0.007326822523964701,1.2221184946339556
2020-02-06,0.008384761040997075,0.004777678674358778,1.2279573841033076
2020-02-07,-0.001972722299776795,-0.0011595166495790043,1.2265335470714662
2020-02-10,-0.03542939485303122,-0.020015569093430528,1.201983780114647
2020-02-11,-0.0373127690162388,-0.020072555859295668,1.1778568935463283
2020-02-12,-0.02237995540644319,-0.011814981340950288,1.1639405363267687
2020-02-13,-0.025843012001887992,-0.013370471761117157,1.1483781022541921
2020-02-14,-0.016532455254762067,-0.008468809919467692,1.1386527063905223
2020-02-18,0.014975384150996529,0.007677536079654757,1.147394753626032
2020-02-19,0.04111368153509616,0.020480578566146844,1.1708940620240547
2020-02-20,0.061095405129882374,0.02852451679665998,1.2042932493633691
2020-02-21,0.11662118669985974,0.044819787769301594,1.2582694172118378
2020-02-24,0.09413505398345103,0.0331659590937647,1.3000011292320208
2020-02-25,0.06795453795235905,0.02306735805957458,1.3299887207578671
2020-02-26,0.038750790733966464,0.013048738014272747,1.3473433951369742
2020-02-27,0.027241665041718325,0.00926993457583346,1.3598331802610752
2020-02-28,0.06836459711460387,0.02259380058118142,1.3905569799595676
2020-03-02,0.20805446807246408,0.05224404282181378,1.4632052983667474
2020-03-03,0.14801852351480008,0.034035656999792684,1.5130064520222373
2020-03-04,0.1945317424222462,0.03934117927181788,1.5725299100906613
2020-03-05,0.14112443349294518,0.02714786983543444,1.6152207474021298
2020-03-06,0.06053940749273433,0.011597972628931991,1.6339540334201827
2020-03-09,0.05447934487193668,0.01044679105060341,1.6510236097936142
2020-03-10,0.14623788786013275,0.02686257591640066,1.6953743568514652
2020-03-11,0.21782362045635242,0.03651609012301705,1.7572827996585054
2020-03-12,0.08287754680852844,0.013885119615499476,1.7816828815300234
2020-03-13,0.29263169134433525,0.042625270955641816,1.8576275971122693
2020-03-16,0.048331689788987456,0.007051979263627366,1.870727548406647
2020-03-17,0.0841821371124941,0.012274338472500373,1.893689491525621
2020-03-18,-0.030978293330072654,-0.004487644080596203,1.8851912870884888
2020-03-19,-0.10093474958323151,-0.014168619768635978,1.8584807285505867
2020-03-20,-0.055439753187986315,-0.0076945891072162905,1.8441804829807098
2020-03-23,0.07570232807540692,0.010514645011377749,1.8635713860961631
2020-03-24,-0.01849609251345307,-0.0025647653391576587,1.8587917627980577
2020-03-25,-0.03884814342293028,-0.005350264967186951,1.8488467343482635
2020-03-26,-0.053742442330360025,-0.007312262239909232,1.8353274821853092
2020-03-27,-0.026941261736130533,-0.0036453565909690478,1.8286370590515382
2020-03-30,0.025883662091889047,0.0035079649221170005,1.8350518537099743
2020-03-31,0.017226351077090987,0.0023390590805056196,1.8393441484115933
2020-04-01,0.13220102314409482,0.017712498617814727,1.8719235290980194
2020-04-02,0.09633416654592326,0.012860572267369265,1.8959975369229736
2020-04-03,0.0888630261320622,0.01184916804733686,1.9184635303553108
2020-04-06,0.07092978051187979,0.009466974089537337,1.9366255748889067
2020-04-07,0.053438424389263765,0.007166291155589899,1.9505039976179221
2020-04-08,-0.03260961602222366,-0.0043497244195862305,1.9420198427489828
2020-04-09,-0.054668751097444755,-0.0071940332367645314,1.9280488874537904
2020-04-13,-0.10295502190955921,-0.013134482102549909,1.9027249638486874
2020-04-14,-0.15842149276026263,-0.019155119841143535,1.8662780391414304
2020-04-15,-0.1475678946538458,-0.017103713807712164,1.8343577536743372
2020-04-16,-0.0604577569266921,-0.006933960063699907,1.821638390267821
2020-04-17,-0.11262128683925675,-0.012610727344296446,1.7986662052082505
2020-04-20,-0.08168647326908338,-0.009024883105240541,1.7824334529608994
2020-04-21,-0.009262188385923248,-0.00102178031403356,1.780612197547589
2020-04-22,0.06828911215684356,0.007520818257858702,1.794003858273071
2020-04-23,0.05383782225187211,0.005925117959993647,1.804633542754023
2020-04-24,-0.011077097538293262,-0.0012172151980198796,1.8024369153789264
2020-04-27,0.02674843566499608,0.0029394070952556695,1.807735011236742
2020-04-28,0.06556565376285184,0.0071956836810531275,1.8207429005567668
2020-04-29,0.016282231143580135,0.001787357106613395,1.8239972183193929
2020-04-30,-0.005073785828234931,-0.000556438737419657,1.8229822756101743
2020-05-01,0.03491362905852301,0.0038342010342102607,1.8299719561366659
2020-05-04,0.0008787833196452193,9.647163339317208e-05,1.8301484965203378
2020-05-05,-0.06882634474488375,-0.007482860363199563,1.8164537508769565
2020-05-06,-0.0399443352714735,-0.004322803915107803,1.8086015774910533
2020-05-07,-0.02558268615261578,-0.0027615939500411375,1.803606954316619
2020-05-08,-0.04556542608709423,-0.004896369966307195,1.7947758273944805
2020-05-11,0.03728753786222417,0.004022319209786043,1.801994988682269
2020-05-12,0.02142731471610013,0.002321549990301628,1.8061784101307679
2020-05-13,0.07440437481023066,0.008065522430084645,1.8207461826104123
2020-05-14,0.08585123786072929,0.009306754590093246,1.8376914205028168
2020-05-15,0.07361604872104159,0.007985338171105688,1.8523660079496713
2020-05-18,0.03771520506116788,0.004092325428431728,1.8599464924667664
2020-05-19,0.036603148298332416,0.003971890770671161,1.8673339967741374
2020-05-20,-0.00587967016838125,-0.000637594766681203,1.8661433943901482
2020-05-21,-0.02827487436373129,-0.00307906324137628,1.8603974208613443
2020-05-22,-0.006377872451164529,-0.0006968273212057404,1.8591010451101873
2020-05-26,-0.010593524499559241,-0.001157707129791621,1.8569487505752602
2020-05-27,0.007346292432895196,0.0008026569483338156,1.8584392433926094
2020-05-28,0.03378230740218221,0.0036908315930185794,1.8652984296658284
2020-05-29,0.06524454715741848,0.007130137964539452,1.8785982648143844
2020-06-01,0.07464033483942717,0.008444444237647326,1.8944619831065503
2020-06-02,0.06019620201796772,0.006924855806697136,1.9075808591708328
2020-06-03,0.02551701402499543,0.0030467068383937743,1.9133926988192576
2020-06-04,-0.048743679808365914,-0.005900588832907357,1.9021025552276383
2020-06-05,-0.061171883936558445,-0.007366538614969548,1.8880906433049218
2020-06-08,-0.05163233167668725,-0.006195869698026633,1.8763922797009411
2020-06-09,-0.024830901440994563,-0.0030465303268893424,1.870675793715691
2020-06-10,0.0008113400580527855,0.00010602716940518186,1.8708741361749734
2020-06-11,0.0505107767816631,0.006640598774280773,1.8832978606704907
2020-06-12,0.005993874754302574,0.0009157046477033355,1.8850224052745164
2020-06-15,-0.021558447960245333,-0.003305124956732332,1.878792170678844
2020-06-16,-0.028631543834502633,-0.004448916040397151,1.8704335820541385
2020-06-17,-0.03002232983347669,-0.0046656011574940075,1.8617068849686909
2020-06-18,0.0014706754750139633,0.0002338045437121897,1.8621421604974568
2020-06-19,-0.008319412602296239,-0.001332114579587495,1.8596615737761937
2020-06-22,-0.018485277761243864,-0.0029964238775628733,1.8540892394323447
2020-06-23,-0.0335897457323907,-0.0054347111689137745,1.8440127999346387
2020-06-24,0.00035228929905052955,5.720533582400733e-05,1.8441182873061228
2020-06-25,-0.05394920763575665,-0.008759895636077925,1.8279640035687383
2020-06-26,-0.027918838422602725,-0.004532677703277659,1.819678431887368
2020-06-29,-0.050162168462835874,-0.008108832585082729,1.8049229641245075
2020-06-30,-0.03629704424924963,-0.005855169243837356,1.79435483469747
2020-07-01,-0.04811018973665868,-0.00807554842649769,1.7798644353355504
2020-07-02,-0.03214176273900669,-0.005532887628822183,1.7700166454203017
2020-07-06,-0.018257782338782516,-0.0032227354481486974,1.7643123500332925
2020-07-07,0.028549392950216846,0.005110903665329701,1.7733295804898639
2020-07-08,0.029928019792690497,0.005395108034784714,1.7828968851578861
2020-07-09,0.030569148305144078,0.005494931692729357,1.7926937817570086
2020-07-10,0.014627739438890447,0.002642589236035715,1.797431135048188
2020-07-13,0.03367239093460416,0.00622812028574771,1.8086257523626161
2020-07-14,-0.025042997938295,-0.005008661033302155,1.7995669590329308
2020-07-15,-0.028669200989389083,-0.0062123603446443,1.7883874006191025
2020-07-16,-0.036525739492476846,-0.007992564759624381,1.774093598504358
2020-07-17,-0.033929090092702216,-0.007824997193010814,1.760211321075923
2020-07-20,-0.049442370479001005,-0.011645101474210473,1.7397134816259396
2020-07-21,-0.018193391284982076,-0.004279398166279998,1.732268554942817
2020-07-22,-0.017912459954169735,-0.004306564751851734,1.7248084282433591
2020-07-23,0.00619990634506277,0.0015139379494955784,1.7274196811784863
2020-07-24,0.01055610534968586,0.002577258152749203,1.731871687635023
2020-07-27,0.04216868263554173,0.01023593258962439,1.7495990094835343
2020-07-28,0.05699625930310361,0.013913891599940999,1.7739427404448525
2020-07-29,0.04661691361960255,0.011263475883458812,1.79392350172049
2020-07-30,0.059984186689410926,0.014230902827091486,1.81945265275271
2020-07-31,0.01840209410522237,0.004384924086668356,1.827430814514318
2020-08-03,0.004858952182537582,0.0011577043472745922,1.8295464391126248
2020-08-04,-0.05253930666215818,-0.012648660276638036,1.8064051277439563
2020-08-05,-0.05192945196911061,-0.012429128757877371,1.7839530858223367
2020-08-06,-0.032888061597246485,-0.007853905787624559,1.7699420863567459
2020-08-07,-0.01647591865073366,-0.0039726808353102135,1.7629106713506675
2020-08-10,-0.004394275724302675,-0.0010669114341359761,1.7610298017980432
2020-08-11,0.05064091102350924,0.01216220973835383,1.7824478156030026
2020-08-12,0.04989106409194251,0.012174798440879766,1.8041487584893556
2020-08-13,0.0123151557267266,0.0031294621293043523,1.8097947737046796
2020-08-14,0.011534999128150338,0.0030287482685107687,1.8152761864918974
2020-08-17,-0.007254509336463277,-0.00192350018710053,1.8117845024075412
2020-08-18,-0.027693329715974928,-0.0073872223350600974,1.7984004474650406
2020-08-19,0.0006331136770165828,0.00016887337394630566,1.7987041494163103
2020-08-20,0.02761610326601916,0.007352833207743052,1.8119297210170437
2020-08-21,-0.002980529936559159,-0.0007936501922598307,1.8104916826455972
2020-08-24,-0.027879644404994727,-0.0073963791616097245,1.7971005996918097
2020-08-25,0.0017114707259705906,0.00045428226900134775,1.797916990629861
2020-08-26,0.0206633817216514,0.005512489802004822,1.8078279897055596
2020-08-27,-0.02278744852514895,-0.006257748653824514,1.7965150565366332
2020-08-28,-0.012890745125956834,-0.0037019921163793366,1.7898643719603777
2020-08-31,0.02281942271666842,0.006733957738655367,1.801917242999084
2020-09-01,-0.010625566188290941,-0.0031609212144407205,1.7962215245590216
2020-09-02,-0.03660744898065915,-0.010966702911100063,1.7765228967366598
2020-09-03,-0.009043982167919074,-0.0027778812935339587,1.7715879270142803
2020-09-04,-0.04074831844803849,-0.01261083323701167,1.749246727102
2020-09-08,0.0021349375556275092,0.0006625395741357182,1.7504056722836325
2020-09-09,0.0017362420088771653,0.0005387549486645922,1.751348712001746
2020-09-10,-0.0187430911958712,-0.005974102679239228,1.7408859749690941
2020-09-11,0.00794920441852118,0.002532490782037057,1.745294752653281
2020-09-14,0.002165928983791407,0.0006911036729135869,1.7465009322671565
2020-09-15,0.01380382619836485,0.004410750938629975,1.754204312893472
2020-09-16,-0.00716655698831329,-0.002303089311825763,1.7501642236896884
2020-09-17,-0.01964612021664419,-0.00630363648748552,1.7391318246301462
2020-09-18,-0.0053894992216011114,-0.0017294241814601846,1.7361241279978838
2020-09-21,-0.03179396727583052,-0.010152551726398886,1.7184980379849362
2020-09-22,-0.024626064110559048,-0.007894724298863518,1.7049309697669073
2020-09-23,-0.014334753937173733,-0.00459347558650152,1.6970994109806128
2020-09-24,-0.08401456997583515,-0.026019757972118637,1.6529412950522722
2020-09-25,0.022999414785665487,0.007103580355288089,1.66468309636425
2020-09-28,0.005319836544648102,0.0016716065766087806,1.6674657915761018
2020-09-29,-0.0033080205667108866,-0.0010492386292202702,1.6657162220546768
2020-09-30,0.020099111164875935,0.006462027106300401,1.6764801254329986
2020-10-01,0.0490204268769315,0.0155161107098268,1.7024925766620411
2020-10-02,0.01908723167480634,0.006035406482336707,1.7127678113953573
2020-10-05,0.009667630041527802,0.0030780414957203225,1.7180397817913662
2020-10-06,0.022966961073833284,0.00733822935888167,1.7306471517578343
2020-10-07,0.0004133708264939494,0.00013333907254232008,1.730877914643948
2020-10-08,-0.0021169904681065856,-0.0006846095194672936,1.729692939146547
2020-10-09,-0.0186205720575313,-0.006081397661362307,1.7191739885515462
2020-10-12,-0.008116814126842828,-0.0026630446612789277,1.7145957514395243
2020-10-13,-0.004601873353199226,-0.0015200447744354102,1.7119894891272793
2020-10-14,-0.028649295518161418,-0.009508303984184188,1.6957113726469288
2020-10-15,-0.015779868147047585,-0.0052811541978474204,1.6867560594129367
2020-10-16,-0.02447215547408131,-0.008340963498383674,1.672686888690696
2020-10-19,-0.012209810523123194,-0.0041688260256259055,1.665713748056399
2020-10-20,-0.021427443387445216,-0.007306072839448701,1.6535439220834278
2020-10-21,-0.030997048283384152,-0.010480774913326076,1.636213500426773
2020-10-22,-0.049070665071101825,-0.016256757574626246,1.6096139742100044
2020-10-23,-0.06297324868971169,-0.02057513177904927,1.5764959545772343
2020-10-26,-0.014465811051186644,-0.004907751630916416,1.568758903985025
2020-10-27,0.015579068755227075,0.0054162340108254905,1.577255669315574
2020-10-28,0.06304027617891876,0.021818441299180428,1.6116689295503352
2020-10-29,0.0070015651325218975,0.0024346174328061213,1.6155927268221304
2020-10-30,0.001267553480224906,0.0004410829693167977,1.616305337259284
2020-11-02,0.024844597082731935,0.008767319765156954,1.630476002989166
2020-11-03,0.05119330650816765,0.017904583630745454,1.659668996942609
2020-11-04,0.04152296324346911,0.014354281131618392,1.6834923523101544
2020-11-05,-0.013362311891603433,-0.004623228366777922,1.6757091827117003
2020-11-06,0.03148813560508183,0.010766107171282006,1.6937500473606757
2020-11-09,0.03252297388915341,0.011309153096230967,1.7129049259530262
2020-11-10,0.04136909968361058,0.014514445525173671,1.7377667911905732
2020-11-11,0.0209990526300925,0.007341175469674955,1.7505240421300774
2020-11-12,0.07209066931536949,0.0238604382710411,1.7922923129792954
2020-11-13,0.028872703889473682,0.009478720116352255,1.8092809501807157
2020-11-16,0.03931466750688285,0.01281234809573682,1.8324620875174162
2020-11-17,0.05792724585872217,0.01831965807931616,1.8660321664040451
2020-11-18,0.04183172649617424,0.013118589382098774,1.8905118761688882
2020-11-19,0.06275895827510859,0.01907700852666229,1.9265771873503184
2020-11-20,0.0030421403134658857,0.0009322235656582299,1.9283731880054258
2020-11-23,-0.031362111854915595,-0.009515386865122898,1.910023971101224
2020-11-24,-0.025489810058466216,-0.0077049899586143855,1.8953072555831763
2020-11-25,0.015202949748737163,0.004613417814250893,1.9040510998395628
2020-11-27,0.017892957451938286,0.00543091705301613,1.9143918434274958
2020-11-30,0.045154815045475645,0.013552067580215824,1.9403358110646394
2020-12-01,0.06265888692250873,0.018332742654584993,1.9759074881523628
2020-12-02,0.01737894351666004,0.0051484731760708,1.9860803948535124
2020-12-03,0.020295195654673862,0.006012852308245028,1.9980224029400675
2020-12-04,0.0019610047642217247,0.0005913908963744558,1.9992040151999184
2020-12-07,0.03266719502055194,0.00980032186160259,2.0187968580158855
2020-12-08,0.02607138241299105,0.007801414409943986,2.0345463289147605
2020-12-09,-0.004384027280767245,-0.0013177481250508166,2.031865309304504
2020-12-10,-0.020568582569362556,-0.006142939375359942,2.0193836838905495
2020-12-11,-0.011690503743214864,-0.0034821316557768255,2.0123519240397147
2020-12-14,-0.024421075564882804,-0.007220609848863274,1.9978215159176145
2020-12-15,-0.016183265605487933,-0.004772628779479397,1.988286655454483
2020-12-16,-0.0005697986051713035,-0.00016888402012905592,1.9879508656109408
2020-12-17,0.0034704428742778452,0.0010297292887041236,1.989997916841765
2020-12-18,0.025665307278433393,0.007688221894930584,2.005297462396894
2020-12-21,0.025273481794725744,0.007619070959067582,2.0205759660569345
2020-12-22,0.03568255250311047,0.010741553647703673,2.0422800911955954
2020-12-23,-0.016484148906708407,-0.005328893960670939,2.031396997151625
2020-12-24,-0.004052193722918113,-0.0013095019743064765,2.0287368787732545
2020-12-28,0.05091254636529304,0.016206609414712456,2.061615824972755
2020-12-29,0.05947849303248809,0.018575835150361954,2.099912060680827
2020-12-30,0.06347543079395532,0.01938795271148283,2.1406250564115794
2020-12-31,0.07956174929327825,0.023679590718384016,2.191314181628923
2021-01-04,0.050768043901902614,0.014945391323180528,2.2240642295854025
2021-01-05,0.01590626650106894,0.004682860404721168,2.2344792119036847
2021-01-06,0.023807681525767024,0.00700814868892837,2.2501387744630255
2021-01-07,0.03797822211193835,0.011143918435620737,2.275214137434469
2021-01-08,0.00735009211513865,0.002160399230322009,2.2801295083058006
2021-01-11,0.02451359073501347,0.007262204462018778,2.2966882749949997
2021-01-12,0.026446438907052568,0.007860727426701988,2.314741915508838
2021-01-13,0.03295002098814341,0.009803021116112146,2.337433379384921
2021-01-14,-0.002451837101043304,-0.0007393655930001148,2.335705161568274
2021-01-15,-0.008045888689577315,-0.002435095763228622,2.330017495825188
2021-01-19,-0.01639239196923483,-0.004985948735816383,2.318400148037448
2021-01-20,-0.04085066816431599,-0.012177071000154261,2.2901688248280276
2021-01-21,-0.03870976842501457,-0.011393842186928857,2.264075002656513
2021-01-22,-0.03523704616527811,-0.010338077648313095,2.2406688194774453
2021-01-25,-0.03251132091656508,-0.009681110314497655,2.2189766574578287
2021-01-26,-0.0013910051657465149,-0.00043573515317149033,2.218009771324107
2021-01-27,0.025941520296861822,0.008195408982687917,2.2361872685277064
2021-01-28,0.04634069366731852,0.014536078969412947,2.268692663253421
2021-01-29,0.08827103168379986,0.02700496268512987,2.3299586239686074
2021-02-01,0.04965737870736198,0.015090821753025055,2.365119614254841
2021-02-02,0.052303265505352255,0.01580072341125356,2.402490215114213
2021-02-03,0.0456856983663049,0.013731305816252709,2.4354795429785008
2021-02-04,0.013895477557283714,0.004208155987239698,2.4457284207990857
2021-02-05,0.045186714232656994,0.013665095053010943,2.4791495321431554
2021-02-08,0.04074846519164519,0.012397411968317317,2.509884570224195
2021-02-09,0.05794754644494898,0.017448226676239034,2.5536776051366616
2021-02-10,0.01353893921990975,0.004079082993735649,2.564094268027258
2021-02-11,0.028975028649547496,0.008755279276142204,2.586543629434192
2021-02-12,0.016776469544662276,0.00506864049136014,2.599653889207012
2021-02-16,0.007377825134119609,0.0022771017009072924,2.6055735654998955
2021-02-17,0.00795937193859445,0.0024556450295577805,2.6119719292751626
2021-02-18,0.0027951391938624438,0.0008634613465726521,2.6142272660744243
2021-02-19,0.015590083765370364,0.0048818531404882905,2.6269895396632603
2021-02-22,0.000509609990605342,0.00015998053105892228,2.6274098068449017
2021-02-23,0.015011200307926676,0.0048024724953973745,2.6400278701764117
2021-02-24,0.007829141856637498,0.0025072451134272714,2.6466470671532236
2021-02-25,0.002617782671052735,0.0008553968276554154,2.6489110006583902
2021-02-26,0.032070495335216886,0.010651601615690362,2.677126145352823
2021-03-01,0.035613317712856814,0.011794454624288225,2.708701388197683
2021-03-02,0.053687941822199624,0.01756987684761047,2.756292938005268
2021-03-03,0.02847738051430883,0.009373697328465646,2.782129593754717
2021-03-04,0.02360471185887171,0.007920342903269317,2.8041650141385874
2021-03-05,0.015878341062084148,0.005327578370323013,2.819104423014729
2021-03-08,0.01820743881434543,0.006109333910115335,2.8363272732624085
2021-03-09,-0.00907135148350965,-0.003029158760911627,2.8277355876537933
2021-03-10,0.02377747719834185,0.007954646661144258,2.850229225104722
2021-03-11,-0.03399625218500759,-0.011089979794868497,2.818620240587567
2021-03-12,-0.03819645212517017,-0.012164180035939592,2.7843340365281164
2021-03-15,-0.03409946143242676,-0.010744051359388874,2.754419008637964
2021-03-16,-0.03248257912571921,-0.01009246913683312,2.726620119803379
2021-03-17,-0.02260410979947467,-0.007031953086335121,2.707446655036664
2021-03-18,0.002685843047120544,0.0008418747663469521,2.70972598605677
2021-03-19,0.01938591211850311,0.006091317486728316,2.72623178733988
2021-03-22,0.0305729682152642,0.00960468868086458,2.7524163949291562
2021-03-23,0.051358104478250524,0.015978245835456505,2.7963951807288754
2021-03-24,0.011934860045599915,0.003714357308628386,2.806781991606229
2021-03-25,0.004508899905550173,0.001405779586234411,2.8107277084330393
2021-03-26,-0.012164178571959366,-0.0038014600276268257,2.800042839400888
2021-03-29,-0.018751706252811685,-0.005818178519316993,2.783751690299518
2021-03-30,-0.033911801408107685,-0.01041163585998742,2.7547682813754952
2021-03-31,-0.003821248997234567,-0.0011903690674898615,2.7514890904252436
2021-04-01,-0.019032011061433846,-0.006005939737554551,2.7349638127596108
2021-04-05,-0.006604230671225729,-0.002167800430792633,2.7290349570281083
2021-04-06,-0.013455900743788869,-0.00446051994165702,2.7168620421808054
2021-04-07,-0.005089146117804887,-0.0016836644754838672,2.712287758075595
2021-04-08,0.021866805780653108,0.007237857787244034,2.731918911146629
2021-04-09,-0.004599847106630424,-0.0015316562114966225,2.727734550577066
2021-04-12,-0.010683391029539694,-0.0035435177165333517,2.718068774871096
2021-04-13,0.006478558926213938,0.002153954324203636,2.7239233708622126
2021-04-14,-0.02408085154658852,-0.007949114528875846,2.7022705920193473
2021-04-15,0.015158826230759833,0.005032689216107851,2.7158702800868086
2021-04-16,-0.0013444651277230864,-0.000446452871478403,2.714657772001701
2021-04-19,-0.017765209569335815,-0.005875973521769223,2.698706514812754
2021-04-20,0.007981508012717804,0.002655222954795238,2.7058721822991396
2021-04-21,0.027513047947584433,0.009347928851456236,2.7311664829404063
2021-04-22,0.02586378207849668,0.008982255250959956,2.7556985174230437
2021-04-23,0.006378247874135539,0.0022665993083554837,2.761944581776671
2021-04-26,0.0223573219153277,0.008110992607994727,2.784346693863153
2021-04-27,0.028165615242645686,0.010206634898601748,2.812765503998543
2021-04-28,0.03040156358685523,0.010998149293956795,2.843700718940411
2021-04-29,0.015082513106134406,0.005534036024053173,2.8594378611606532
2021-04-30,0.0032477416429369035,0.0012880775446572938,2.863121038859957
2021-05-03,0.03685965191717279,0.014798135528734465,2.9054898920281778
2021-05-04,0.00880528536045192,0.003632375245990246,2.9160437215894555
2021-05-05,0.028783213432885764,0.012050491092442495,2.9511834804816424
2021-05-06,0.02605756754446982,0.010864248994817968,2.9832458726429882
2021-05-07,0.008258016327535473,0.003516162059030848,2.993735448593136
2021-05-10,0.014336513799414238,0.006207569734695632,3.0123192701575086
2021-05-11,0.01212538301290774,0.005486306957204829,3.028845778326696
2021-05-12,-0.0029142797513622707,-0.0013169330460186138,3.0248569912299237
2021-05-13,-0.018167575723636094,-0.008188464387950883,3.0000880574785933
2021-05-14,0.0030334295811794802,0.0013696349006553942,3.0041970827871554
2021-05-17,-0.04549277078202922,-0.019610200068679307,2.9452841769479563
2021-05-18,-0.041366026682925466,-0.017221117475146444,2.8945630921390455
2021-05-19,-0.02554143126005287,-0.010486879095578914,2.8642081589572586
2021-05-20,0.007483879148974635,0.00307835649444251,2.87302521274482
2021-05-21,-0.006590657330677142,-0.0027067839289668964,2.8652485542714454
2021-05-24,0.005630800334507344,0.0023168133293000066,2.871886800313739
2021-05-25,0.015369876542239485,0.006312800106945004,2.8900164476138936
2021-05-26,0.03442822607307363,0.013948439820385263,2.93032766811336
2021-05-27,0.03071006554231262,0.012455582751665709,2.9668266068730413
2021-05-28,0.025409742262615442,0.010388525417081225,2.9976475604866146
2021-06-01,0.026353463568764737,0.011109035452129089,3.0309485335090485
2021-06-02,0.013989767843213919,0.00594582200259639,3.0489700139883236
2021-06-03,0.010753985918786815,0.004596980643632066,3.0629860701256426
2021-06-04,0.025389968805551912,0.01079544905302282,3.0960523801958026
2021-06-07,0.025791883363585167,0.010916777888468785,3.129851296361465
2021-06-08,0.013772701516872073,0.005836054063390896,3.1481172777374047
2021-06-09,0.024900580357818704,0.010543603517453771,3.1813097781403137
2021-06-10,0.033006331161183164,0.014133006107831348,3.2262712486656744
2021-06-11,0.028743334250047336,0.012601383290484006,3.2669267292691795
2021-06-14,0.03550647147532422,0.01579895116479094,3.3185407451238533
2021-06-15,0.04429707524559362,0.0198197547034844,3.3843134086657263
2021-06-16,0.03250779335027916,0.014662423846891778,3.433935646294302
2021-06-17,0.026532651734011075,0.011915017036553451,3.4748510480223267
2021-06-18,0.023122981082413147,0.010367685597401281,3.5108772111860227
2021-06-21,0.008872603411738043,0.004010149985446814,3.524956355383366
2021-06-22,0.007846387570577363,0.0036689053831938274,3.537889086731155
2021-06-23,0.009479903670989002,0.004433553380856575,3.5535745068527276
2021-06-24,0.013346213741323679,0.006241530504648989,3.575754250537792
2021-06-25,0.004644279425316334,0.0021906470497771017,3.5835874660374603
2021-06-28,-0.00015410897395214574,-7.373283989041983e-05,3.5833232379565936
2021-06-29,0.0038508106091393827,0.0019181576431748196,3.590196616813446
2021-06-30,-0.00499203963139647,-0.002484739790808679,3.581275912422823
2021-07-01,0.0031287255061647245,0.001586137380306128,3.5869563080167066
2021-07-02,-0.0031481959671475677,-0.0015999399696763903,3.5812173932500277
2021-07-06,-0.0023811485565211066,-0.0012218269904529613,3.5768417651802755
2021-07-07,-0.010192630963674386,-0.005207109907149195,3.5582167569885
2021-07-08,-0.032972336725782855,-0.016201356826946154,3.5005688176409104
2021-07-09,-0.038136956045178326,-0.017948521747170317,3.4377387820900163
2021-07-12,-0.02871076596036222,-0.013240965410305715,3.392219801786696
2021-07-13,-0.012489864677912924,-0.0057115996033048535,3.3728448005124885
2021-07-14,0.01359034033729298,0.006343408996464814,3.394240134563739
2021-07-15,0.023651909609735434,0.011002333507096743,3.4315846965273824
2021-07-16,0.015421444169363538,0.007184924458135162,3.4562403733436247
2021-07-19,0.044869092393428456,0.020727161076636358,3.527878424281492
2021-07-20,0.024573419299170746,0.011311187836110558,3.5677829198015014
2021-07-21,0.005473930190380751,0.002532205590570617,3.576817279656965
2021-07-22,0.009329193029300246,0.004335815320956516,3.5923256988183634
2021-07-23,0.007946672470503334,0.0036939670185851463,3.6055956314698143
2021-07-26,-0.016657051187090186,-0.007660982739695483,3.5779732255708026
2021-07-27,0.00021040450558564364,9.727092830329129e-05,3.5783212583478985
2021-07-28,-0.0059260996847367645,-0.002752692146660577,3.5684712415218156
2021-07-29,0.013450240191995127,0.006249944984524491,3.590773990460185
2021-07-30,0.028605274530351686,0.013198804154313876,3.638167913122673
2021-08-02,0.02018916009025852,0.009435433802084057,3.672495605627809
2021-08-03,0.021297799967787454,0.00992299677810188,3.708937767690047
2021-08-04,0.03865103137901561,0.017838150633701567,3.7750983582811264
2021-08-05,0.014498642639379574,0.006725332934074253,3.8004871515994436
2021-08-06,-0.03232788397589914,-0.01453128002644676,3.745261208562639
2021-08-09,-0.007918776404836122,-0.0035455635391625157,3.7319821469769194
2021-08-10,-0.009197272159901874,-0.004098314216084592,3.71668731148979
2021-08-11,-0.016714679616713236,-0.007385338260497068,3.6892383184859403
2021-08-12,-0.015263810787036945,-0.00676094748870437,3.664295571941341
2021-08-13,-0.0024763507794661743,-0.0010953703343235875,3.660281811275643
2021-08-16,-0.001823146471604014,-0.0008484309771040783,3.657176314802026
2021-08-17,0.010234719244310634,0.005011204897137746,3.675503174660458
2021-08-18,0.010538690960229101,0.005299055306956091,3.6949798692638764
2021-08-19,0.02553369724508789,0.012765262781717943,3.7421472582681874
2021-08-20,-0.08270780371868175,-0.03533945295193525,3.6099018212954053
2021-08-23,-0.01288671119034484,-0.0054666130866019794,3.590167884757763
2021-08-24,-0.030626510189752702,-0.012702690260704044,3.5445630941337583
2021-08-25,-0.06348365334873535,-0.024783276640531374,3.4567172064020233
2021-08-26,0.007399627221253598,0.0029138669870472345,3.466789620553316
2021-08-27,0.01151873757990868,0.004559195383489852,3.482595391786873
2021-08-30,0.01398125322633055,0.005563174407238391,3.5019696773412283
2021-08-31,0.019340116842857,0.007681908172571707,3.528871486825694
2021-09-01,0.001260529784926696,0.000500809363525937,3.530638778708976
2021-09-02,-0.003291956418050069,-0.001314660581274914,3.525997187079887
2021-09-03,-0.010908594195309037,-0.004371157487959392,3.510584498073059
2021-09-07,0.01251420190097252,0.005016219778395905,3.528194361466023
2021-09-08,0.02054266436387958,0.008254030167807295,3.5573161841634513
2021-09-09,0.009811896787313827,0.0039905323166362335,3.5715117693568486
2021-09-10,-0.019424889907045495,-0.007917678816209226,3.54323368627877
2021-09-13,-0.004677597082793548,-0.001937204477793189,3.536369718115843
2021-09-14,-0.001661271377262085,-0.0007080296449294782,3.533865863519986
2021-09-15,-0.007620258513121685,-0.0032975552554060303,3.522212745569836
2021-09-16,-0.006152862046849462,-0.002691619520900892,3.5127322889870944
2021-09-17,0.021737282353535267,0.009519289745798284,3.546171005445384
2021-09-20,0.07076460657268403,0.028676773454068265,3.647863747997927
2021-09-21,0.007005435250478365,0.0028393378539805013,3.658221265623781
2021-09-22,0.015468644364514537,0.006257009755570046,3.681110791770823
2021-09-23,0.034791141055440275,0.013875208796997433,3.7321869726115233
2021-09-24,0.036890615074342006,0.014461325207608,3.7861593421580566
2021-09-27,0.01706884620302444,0.006671313073429221,3.811417996475482
2021-09-28,0.024774959673930792,0.009618136025859585,3.8480767332169927
2021-09-29,0.020314457875862127,0.007860841770915016,3.878325855539151
2021-09-30,0.01534942910478507,0.0059277969321493386,3.9013157836474917
2021-10-01,0.0041167805486154625,0.001590759191978767,3.907521837591141
2021-10-04,-0.012381062344830973,-0.004770360079342006,3.8888815514079393
2021-10-05,-0.026579567071361422,-0.010145443247752368,3.849427124330899
2021-10-06,-0.007100760498171627,-0.0027543275865967846,3.8388245410097603
2021-10-07,0.0037145744548799584,0.001476495487438006,3.8444925481216274
2021-10-08,-0.009435533198877116,-0.0037995485286853076,3.8298852121168703
2021-10-11,-0.02207920818055353,-0.008837507963140626,3.7960385710568727
2021-10-12,-0.004113263680176303,-0.0016469300808361071,3.7897867609461846
2021-10-13,0.0032389566186272443,0.001304323081290711,3.794729867291657
2021-10-14,0.01867112058834692,0.007509269971865361,3.8232255183354504
2021-10-15,0.0017587115112444804,0.0007258239490192329,3.82600050697916
2021-10-18,0.02918718481986541,0.012005050390425112,3.8719318358592374
2021-10-19,-0.017941944359251404,-0.007332028762767106,3.8435427202712438
2021-10-20,-0.04705522548026201,-0.018573610093927214,3.7721542564055732
2021-10-21,-0.01498497878818501,-0.005895314756085469,3.749916219755555
2021-10-22,-0.008965798186645465,-0.0035381892953471558,3.7366483063283673
2021-10-25,-0.032246765226192964,-0.012528914704875941,3.68983215841626
2021-10-26,0.015504095600506819,0.006011325073148912,3.7120129389858585
2021-10-27,0.005543621712490548,0.0021531801574259718,3.720005571590191
2021-10-28,-0.004217933109034039,-0.0016549193626016962,3.7138492623407804
2021-10-29,0.0023348703293745703,0.0009209805513112553,3.717269645281898
2021-11-01,-0.005589287342231755,-0.0022174548485300125,3.7090267676836746
2021-11-02,-0.0028324966360520135,-0.0011486789769659892,3.704766286610632
2021-11-03,-0.04819831148140419,-0.018997491403009714,3.634385020930586
2021-11-04,0.013539627888383001,0.0053934897430089595,3.653987039263121
2021-11-05,0.014515355340533132,0.0057673129164165695,3.675060725911082
2021-11-08,-0.008645448951149761,-0.0034355063169233444,3.6624350315721377
2021-11-09,-0.01920672870220834,-0.007622889298975295,3.6345166947617744
2021-11-10,-0.012123072655266888,-0.00481714843580784,3.617008688350685
2021-11-11,-0.0007628036338717531,-0.0003031194472719241,3.6159123026762945
2021-11-12,0.017608233368504117,0.00696539075352647,3.641098544794919
2021-11-15,-0.002365564171973856,-0.0009371677190992552,3.6376862247766777
2021-11-16,0.005622025047178687,0.0022299263565173488,3.645797997166047
2021-11-17,0.014887780782571493,0.005942537077152798,3.667463286940016
2021-11-18,0.01917444949431994,0.008490185884468648,3.698600731970601
2021-11-19,0.039430084854154696,0.01708744605862493,3.7618003724705393
2021-11-22,0.043071336070753294,0.018489811193063147,3.831355351103514
2021-11-23,0.019744000969948786,0.00914721448313008,3.8664015802611464
2021-11-24,0.029141724074992645,0.013346864129040898,3.9180059168212007
2021-11-26,0.06859069673803979,0.0292795379607,4.032723319793014
2021-11-29,-0.0545357401671398,-0.022055504264340362,3.9437795734164145
2021-11-30,-0.02738273726694921,-0.010952037560055852,3.900587151399777
2021-12-01,-0.030267448463939618,-0.011912174346011446,3.8541226772004906
2021-12-02,0.04010144040363513,0.015505796255836757,3.9138839181781613
2021-12-03,-0.0038839348941569606,-0.0015050302379670559,3.90799340453341
2021-12-06,0.011272027273463115,0.004369085106864985,3.9250677603148834
2021-12-07,-0.005812013328318414,-0.002258520474468751,3.916202914414535
2021-12-08,0.00865775053515552,0.0033649587727962583,3.929380775767444
2021-12-09,0.004395412288168279,0.0017210061088666535,3.9361432640866028
2021-12-10,0.016985923115398704,0.0066426961403099945,3.9622898677546585
2021-12-13,-0.008666392340481237,-0.003383018279417896,3.9488853687036922
2021-12-14,-0.015500775959929623,-0.006030407900898753,3.925071979176518
2021-12-15,-0.037585547488443345,-0.014309819937573631,3.8689049059124865
2021-12-16,-0.010802828356255203,-0.004120521687387055,3.8529629993412358
2021-12-17,-0.04493112072408485,-0.017729508656142774,3.7846518584926176
2021-12-20,-0.026886625958622,-0.010500898827587656,3.744909612228945
2021-12-21,-0.010364463794430342,-0.004053986871267297,3.729727797826886
2021-12-22,0.0046750055863133255,0.0018593520788783725,3.736662674961426
2021-12-23,-0.01532858019691447,-0.006203044335027998,3.7134839907235957
2021-12-27,0.011900324564557948,0.0048272312259128826,3.7314098366005437
2021-12-28,0.011079270016099999,0.004529652996599461,3.748311828348442
2021-12-29,-0.005868888367352596,-0.0024162585515601328,3.739254937839281
2021-12-30,0.021496975230267418,0.008817088286771748,3.772224278752957
2021-12-31,0.014275739069456225,0.005835878325874592,3.7942385206616693
2022-01-03,0.003067694344681134,0.0012559861626206972,3.799004031741303
2022-01-04,-0.015571328659169461,-0.0064180004565948115,3.774622022130982
2022-01-05,-0.025739698529866847,-0.010518069395250485,3.7349202857613677
2022-01-06,-0.010148581555202114,-0.004144039056937099,3.719442630222626
2022-01-07,-0.0149753374775315,-0.006104229178304612,3.696738299992191
2022-01-10,0.04619096523391969,0.018338864094607717,3.7645322812690787
2022-01-11,0.020622662675634614,0.008138182413525112,3.7951687316756506
2022-01-12,0.011117443850123865,0.004380098073387014,3.8117919429254417
2022-01-13,0.04344726536247044,0.016760988886194542,3.875681345317301
2022-01-14,0.026732271543247796,0.010218897628314459,3.9152865362250666
2022-01-18,0.010381175345088244,0.00400682176041306,3.9309743915166653
2022-01-19,0.04191020278413859,0.015894381175575564,3.9934547968868577
2022-01-20,0.07021282639204034,0.025904962704771425,4.096905094463402
2022-01-21,-0.06069029447970217,-0.021432816082051217,4.0090968810681495
2022-01-24,-0.09408655207005022,-0.030273747451168606,3.8877264945834247
2022-01-25,-0.09316742307293972,-0.02802297567321641,3.7787808296015943
2022-01-26,-0.11317998995458284,-0.031052191645770447,3.661441403093442
2022-01-27,-0.01343319055790071,-0.003683713654743282,3.6479537014008243
2022-01-28,-0.00967903000813555,-0.002653297495815764,3.6382745949800457
2022-01-31,-0.02262519963932038,-0.006186107847532061,3.615767835956563
2022-02-01,-0.023857281978669778,-0.006503869875428326,3.5922513524517425
2022-02-02,-0.07807095806139801,-0.020531569098116747,3.5184967955910764
2022-02-03,-0.04149344871066287,-0.010949650771198055,3.4799704844397747
2022-02-04,-0.02793471318522947,-0.007360755844246503,3.454355271358629
2022-02-07,0.008578514453167367,0.0022631712809757496,3.462173069003055
2022-02-08,0.016073415179261794,0.004229570373171981,3.476816573642505
2022-02-09,-0.025497245084227255,-0.006699926979987391,3.4535221564762906
2022-02-10,-0.016750693304317325,-0.004399074048313418,3.4383298567824605
2022-02-11,-0.02973619937851077,-0.00778001875601266,3.411579586007335
2022-02-14,0.0051735845954695575,0.0013570384479710518,3.41620923067386
2022-02-15,-0.018131764733891366,-0.004751423103671498,3.3999773752082603
2022-02-16,0.015627078463229575,0.004086955677551549,3.4138729320454146
2022-02-17,-0.016559991599454656,-0.004338912724321311,3.399060435341347
2022-02-18,0.0001193197271083992,3.137912280989764e-05,3.399167094876186
2022-02-22,0.005624247447968253,0.0014974805985640382,3.4042572816520407
2022-02-23,-0.008943703540759289,-0.002420516688730928,3.3960172200890684
2022-02-24,-0.00780022470417617,-0.0021216391889252346,3.388812096868662
2022-02-25,-0.023094740389043945,-0.006332077116068587,3.367353877339424
2022-02-28,0.10933819462198902,0.02848262270623529,3.4632649473460613
2022-03-01,0.10412898790207711,0.025596503773709887,3.5519124216401616
2022-03-02,0.04717923085272972,0.011459410042847208,3.5926152425160183
2022-03-03,0.04622911792821649,0.011122455386985511,3.632573945273507
2022-03-04,0.022063952736585332,0.005343243568578079,3.651983672643974
2022-03-07,-0.03839825890337782,-0.00924031982843083,3.6182381755005357
2022-03-08,-0.11057804985923549,-0.025212918588690132,3.52701183094715
2022-03-09,-0.051215560570121055,-0.011568634200936375,3.4862091212525477
2022-03-10,-0.05637422899061825,-0.012608481054339968,3.4422533195957676
2022-03-11,-0.0983341992603357,-0.02124769722532083,3.3691133632881414
2022-03-14,-0.06694080786882946,-0.01431333380303555,3.3208901190991305
2022-03-15,-0.027135645508698562,-0.005795897025098654,3.3016425819371644
2022-03-16,-0.04167280873918311,-0.008867623299948479,3.2723648592494765
2022-03-17,0.023833674691545736,0.005061426579240058,3.288927693725053
2022-03-18,0.0027331016855970253,0.0005800139627299413,3.290835317709823
2022-03-21,-0.024120500403428582,-0.005140184645823065,3.2739198165377985
2022-03-22,0.003359454196082343,0.0007162972659182762,3.27626491635122
2022-03-23,-0.010190588491586956,-0.0021728232383769423,3.2691461718058927
2022-03-24,0.021286124604765318,0.004524905124055596,3.283938748069984
2022-03-25,-0.014345480744801018,-0.0030496359180784186,3.2739239305111005
2022-03-28,-0.005654572544613223,-0.0012042113976041334,3.26998143399909
2022-03-29,0.03428923786062708,0.007258467395317897,3.2937164876210674
2022-03-30,0.04846946658739025,0.0101279964303295,3.327075236450211
2022-03-31,0.047200682327659206,0.009779404334674916,3.359612050439342
2022-04-01,0.0015437826573158776,0.00032035107254404756,3.360688305763032
2022-04-04,0.013871814250103394,0.0028746081794179487,3.3703489678552527
2022-04-05,-0.004234432705843269,-0.0008776593432826968,3.3673909495934917
2022-04-06,-0.00797935812623268,-0.0016560117422112735,3.361814510640349
2022-04-07,-0.0034834559408256534,-0.0007229298239717368,3.3593841546679464
2022-04-08,0.02108675788938056,0.004364005704008243,3.374044526280872
2022-04-11,0.01412077824198909,0.0029495892394056427,3.3839965717088654
2022-04-12,0.01601118299808814,0.0033475643365495447,3.395324717947324
2022-04-13,0.01970504346630772,0.00411358041528524,3.4092916592106057
2022-04-14,-0.018402469280061118,-0.0038797741395329446,3.396064377597075
2022-04-18,-0.01374446198808757,-0.002911829525582361,3.3861756170716095
2022-04-19,0.005624724348377207,0.001192394088145374,3.3902132728588277
2022-04-20,0.00510726768187672,0.0010933881991026112,3.3939200920438126
2022-04-21,-0.0029285110444198723,-0.0006441766139125896,3.39173380809103
2022-04-22,0.0019218978991556155,0.0004273090943386491,3.3931831267928034
2022-04-26,-0.010714818628144919,-0.002463509024607033,3.384823989537805
2022-04-27,0.013359675114365505,0.0031786812588234137,3.395583266117765
2022-04-28,0.04913373978282283,0.012248216380027467,3.437173104697576
2022-04-29,0.04317299346205358,0.010638992970975831,3.4737411651984806
2022-05-02,0.00634764080647629,0.0015638912458169345,3.4791737185969684
2022-05-03,0.017425069183099398,0.004293352711105869,3.4941110385141148
2022-05-04,0.01424232828863723,0.003513527182116143,3.5063876926252657
2022-05-05,-0.05462649082627117,-0.013707765286330635,3.45832295313188
2022-05-06,6.924990433830602e-05,1.7542997722917396e-05,3.458383622483572
2022-05-09,0.05326121645831142,0.013336366189609256,3.50450589289716
2022-05-10,0.027315466827642007,0.006815113019862471,3.528389496636028
2022-05-11,0.01222288628403594,0.003051297371502822,3.539155662232752
2022-05-12,0.01118888091868157,0.00280299373537688,3.5490758933825135
2022-05-13,-0.0029634439567579607,-0.0007437368827598022,3.5464363147408915
2022-05-16,-0.0270554312277517,-0.006796386511328863,3.5223333628080997
2022-05-17,-0.0405571383609872,-0.010087591486901776,3.4868015027634067
2022-05-18,-0.032811199935158464,-0.008125733039940417,3.458468684588688
2022-05-19,-0.02423999918670308,-0.005990113319108221,3.4377520652574143
2022-05-20,-0.04604592792680724,-0.011264452349709162,3.399027670928208
2022-05-23,-0.012278401259563983,-0.0030013999151002513,3.3888258295652602
2022-05-24,-0.018245131446340036,-0.004453366111509081,3.3737341474580678
2022-05-25,-0.008369882319766826,-0.0020430638142753354,3.366841393302411
2022-05-26,-0.0022590793789246657,-0.0005515766965556272,3.364984322048867
2022-05-27,-0.02907110626718456,-0.007086440009959953,3.3411385625162118
2022-05-31,-0.02882831099239446,-0.007512111701157918,3.316039556425544
2022-06-01,0.001576714676806824,0.0004436783903909234,3.3175108115184115
2022-06-02,-0.03046965538254654,-0.008706068930429443,3.288628333715887
2022-06-03,-0.009359220203095495,-0.0027300409262706687,3.279650243773549
2022-06-06,0.03559829792611135,0.01030817354949845,3.313457447668022
2022-06-07,-0.01755758061584009,-0.005119257242097095,3.296495006632667
2022-06-08,-0.02280206509754905,-0.00727603176334502,3.2725096042566997
2022-06-09,-0.06541333685455797,-0.02058774220326408,3.205136020166557
2022-06-10,-0.07917980265616938,-0.024307187012738356,3.1272281795231045
2022-06-13,0.03949813132880956,0.01291176010349007,3.1676061995659808
2022-06-14,-0.016866061880419773,-0.005734676299684026,3.1494410033665976
2022-06-15,-0.07794436154416805,-0.02520438573691246,3.0700612774620972
2022-06-16,-0.05429329327130515,-0.01737229864914297,3.0167272560788563
2022-06-17,-0.04667911838920595,-0.014792177616161934,2.972103290687421
2022-06-21,-0.004049145115355499,-0.0012837504893226186,2.9682878516336837
2022-06-22,0.006798599183323182,0.002160674902085376,2.9747013566968734
2022-06-23,0.008294803286186115,0.002633840016761999,2.982536244168058
2022-06-24,0.038103641903784645,0.011915908643955515,3.018075873580851
2022-06-27,0.04342158788774993,0.013394580681622456,3.0585017343727876
2022-06-28,0.05011884822648167,0.015124263021399622,3.104759319054849
2022-06-29,-0.02194924867907569,-0.006602757389757305,3.084259346517541
2022-06-30,-0.012988947633280718,-0.003947723822672701,3.072083542419993
2022-07-01,-0.049991709631989824,-0.015267334845782408,3.0251810143036497
2022-07-05,-0.03610555285706036,-0.011195473694646452,2.991312679836469
2022-07-06,-0.03836912783447883,-0.011797086552442194,2.9560239052470205
2022-07-07,0.03855972539837777,0.011696811295090816,2.9905999590504724
2022-07-08,-0.03941885531295461,-0.011850324899826653,2.955160377890316
2022-07-11,0.003926822287426328,0.0011794813925674122,2.95864593456809
2022-07-12,-0.03978417753018029,-0.011845469415584262,2.9235993846386212
2022-07-13,-0.0035923415200376126,-0.0010763866409101248,2.9204524613176233
2022-07-14,-0.07349254881981694,-0.02137376955865172,2.858031383402423
2022-07-15,0.008895662849303203,0.0025931188196387915,2.8654425983698424
2022-07-18,-0.013955015592587227,-0.004093415807882857,2.8537131503410946
2022-07-19,-0.030178022646834148,-0.008828223883247676,2.828519931751315
2022-07-20,0.018270643438676612,0.00531444639659124,2.8435519493102976
2022-07-21,-0.013333517300127155,-0.0038844216972600807,2.8325063944211104
2022-07-22,-0.005322390812731823,-0.0015528841281470288,2.828107840198339
2022-07-25,-0.0015953941776812308,-0.00046540982854581634,2.826791611013323
2022-07-26,-0.008791946404601868,-0.0025674067752423833,2.8195340870790093
2022-07-27,0.03936900569181296,0.01129248178589852,2.8513736244020693
2022-07-28,0.014261528317196263,0.00408948765905123,2.8630342816504055
2022-07-29,0.013907185025972015,0.004075585381189921,2.874702822314546
2022-08-01,0.008611230608252321,0.0025731851593948922,2.8820999649545964
2022-08-02,0.013214454238952527,0.00394011175525593,2.893455760906337
2022-08-03,-0.013369721283023371,-0.004010591375614757,2.881851292185923
2022-08-04,0.00340781758313515,0.0010257520758222823,2.8848073571310944
2022-08-05,-0.026362852460089556,-0.008048345287105513,2.861589431434121
2022-08-08,0.007106029004372821,0.002165913512984296,2.867787386652277
2022-08-09,0.010461882037215745,0.0032900243087834835,2.877222476866786
2022-08-10,0.01026367217180109,0.0032571843813225115,2.886594120980026
2022-08-11,0.002537355205334815,0.0008078539465637376,2.8889260674327875
2022-08-12,-0.04308270528482039,-0.013656886625658214,2.8494723316599493
2022-08-15,-0.04244531222723073,-0.013355269212800386,2.8114168615562045
2022-08-16,-0.03338199567521674,-0.010482683201170698,2.781945669250081
2022-08-17,-0.035047807795861904,-0.011033071977589641,2.751252262443501
2022-08-18,-0.0015801791013811918,-0.0004987969794996202,2.749879946125153
2022-08-19,-0.03119723042418165,-0.00982852641631649,2.7228526784329627
2022-08-22,-0.0368110226196428,-0.011653794255153657,2.691121113531411
